Number of Keys,Drop Creation Cost,Key Cost,Depleted Drop Cost
0,0,0,0
1,0.00603,0.1272681569103872,0
10,0.00603,1.272681569103872,0
