Number of Keys,Upfront Cost,Depleted Drop Cost
0,0,0
1,0.1323781569103872,-0.01213
10,1.277791569103872,-0.07531
100,12.73192569103872,-0.70711
