Number of Keys,Drop Creation Cost,Key Cost,Depleted Drop Cost
0,0,0,0
1,0.00511,0.1272681569103872,-0.01213
10,0.00511,1.272681569103872,-0.07531
